File Name,Start Frame,End Frame,Label
00015_H_A_SY_C1.mp4,0,249,Normal
00015_H_A_SY_C1.mp4,250,359,Warning
00015_H_A_SY_C1.mp4,360,600,Fall
02373_H_A_FY_C7.mp4,0,213,Normal
02373_H_A_FY_C7.mp4,214,310,Warning
02373_H_A_FY_C7.mp4,311,600,Fall
02700_H_A_FY_C8.mp4,0,260,Normal
02700_H_A_FY_C8.mp4,261,338,Warning
02700_H_A_FY_C8.mp4,338,600,Fall
02702_H_A_FY_C2.mp4,0,190,Normal
02702_H_A_FY_C2.mp4,191,329,Warning
02702_H_A_FY_C2.mp4,316,600,Fall
02702_H_A_FY_C4.mp4,0,190,Normal
02702_H_A_FY_C4.mp4,191,329,Warning
02702_H_A_FY_C4.mp4,316,600,Fall
02702_H_A_FY_C5.mp4,0,190,Normal
02702_H_A_FY_C5.mp4,191,329,Warning
02702_H_A_FY_C5.mp4,316,600,Fall
02702_H_A_FY_C6.mp4,0,190,Normal
02702_H_A_FY_C6.mp4,191,329,Warning
02702_H_A_FY_C6.mp4,316,600,Fall
02702_H_A_FY_C7.mp4,0,190,Normal
02702_H_A_FY_C7.mp4,191,329,Warning
02702_H_A_FY_C7.mp4,316,600,Fall
02702_H_A_FY_C8.mp4,0,190,Normal
02702_H_A_FY_C8.mp4,191,329,Warning
02702_H_A_FY_C8.mp4,316,600,Fall
02704_H_A_FY_C1.mp4,0,262,Normal
02704_H_A_FY_C1.mp4,263,362,Warning
02704_H_A_FY_C1.mp4,363,600,Fall
02704_H_A_FY_C2.mp4,0,262,Normal
02704_H_A_FY_C2.mp4,263,362,Warning
02704_H_A_FY_C2.mp4,363,600,Fall
02704_H_A_FY_C3.mp4,0,262,Normal
02704_H_A_FY_C3.mp4,263,362,Warning
02704_H_A_FY_C3.mp4,363,600,Fall
02704_H_A_FY_C4.mp4,0,262,Normal
02704_H_A_FY_C4.mp4,263,362,Warning
02704_H_A_FY_C4.mp4,363,600,Fall
02704_H_A_FY_C5.mp4,0,262,Normal
02704_H_A_FY_C5.mp4,263,362,Warning
02704_H_A_FY_C5.mp4,363,600,Fall
02704_H_A_FY_C6.mp4,0,262,Normal
02704_H_A_FY_C6.mp4,263,367,Warning
02704_H_A_FY_C6.mp4,368,600,Fall
02704_H_A_FY_C8.mp4,0,262,Normal
02704_H_A_FY_C8.mp4,263,371,Warning
02704_H_A_FY_C8.mp4,372,600,Fall
02706_H_A_FY_C1.mp4,0,292,Normal
02706_H_A_FY_C1.mp4,293,369,Warning
02706_H_A_FY_C1.mp4,370,600,Fall
02706_H_A_FY_C2.mp4,0,299,Normal
02706_H_A_FY_C2.mp4,300,368,Warning
02706_H_A_FY_C2.mp4,369,600,Fall
02706_H_A_FY_C3.mp4,0,299,Normal
02706_H_A_FY_C3.mp4,300,388,Warning
02706_H_A_FY_C3.mp4,389,600,Fall
02706_H_A_FY_C5.mp4,0,285,Normal
02706_H_A_FY_C5.mp4,286,382,Warning
02706_H_A_FY_C5.mp4,383,600,Fall
02706_H_A_FY_C7.mp4,0,278,Normal
02706_H_A_FY_C7.mp4,279,376,Warning
02706_H_A_FY_C7.mp4,377,600,Fall
02706_H_A_FY_C8.mp4,0,279,Normal
02706_H_A_FY_C8.mp4,280,377,Warning
02706_H_A_FY_C8.mp4,378,600,Fall
02708_H_A_FY_C1.mp4,0,209,Normal
02708_H_A_FY_C1.mp4,210,348,Warning
02708_H_A_FY_C1.mp4,349,600,Fall
02708_H_A_FY_C3.mp4,0,207,Normal
02708_H_A_FY_C3.mp4,208,353,Warning
02708_H_A_FY_C3.mp4,354,600,Fall
02708_H_A_FY_C4.mp4,0,210,Normal
02708_H_A_FY_C4.mp4,211,346,Warning
02708_H_A_FY_C4.mp4,347,600,Fall
02708_H_A_FY_C5.mp4,0,203,Normal
02708_H_A_FY_C5.mp4,204,351,Warning
02708_H_A_FY_C5.mp4,352,600,Fall
02708_H_A_FY_C6.mp4,0,204,Normal
02708_H_A_FY_C6.mp4,205,345,Warning
02708_H_A_FY_C6.mp4,346,600,Fall
02708_H_A_FY_C7.mp4,0,200,Normal
02708_H_A_FY_C7.mp4,201,348,Warning
02708_H_A_FY_C7.mp4,349,600,Fall
02712_H_A_FY_C1.mp4,0,202,Normal
02712_H_A_FY_C1.mp4,203,341,Warning
02712_H_A_FY_C1.mp4,342,600,Fall
02712_H_A_FY_C3.mp4,0,200,Normal
02712_H_A_FY_C3.mp4,201,344,Warning
02712_H_A_FY_C3.mp4,345,600,Fall
02712_H_A_FY_C4.mp4,0,178,Normal
02712_H_A_FY_C4.mp4,179,318,Warning
02712_H_A_FY_C4.mp4,319,600,Fall
02712_H_A_FY_C6.mp4,0,180,Normal
02712_H_A_FY_C6.mp4,181,325,Warning
02712_H_A_FY_C6.mp4,326,600,Fall
02712_H_A_FY_C7.mp4,0,185,Normal
02712_H_A_FY_C7.mp4,186,321,Warning
02712_H_A_FY_C7.mp4,322,600,Fall
02714_H_A_FY_C3.mp4,0,162,Normal
02714_H_A_FY_C3.mp4,163,335,Warning
02714_H_A_FY_C3.mp4,336,600,Fall
02714_H_A_FY_C4.mp4,0,160,Normal
02714_H_A_FY_C4.mp4,161,334,Warning
02714_H_A_FY_C4.mp4,335,600,Fall
02714_H_A_FY_C8.mp4,0,160,Normal
02714_H_A_FY_C8.mp4,161,336,Warning
02714_H_A_FY_C8.mp4,337,6000,Fall
02717_H_A_FY_C5.mp4,0,291,Normal
02717_H_A_FY_C5.mp4,292,352,Warning
02717_H_A_FY_C5.mp4,353,600,Fall
02718_H_A_FY_C7.mp4,0,216,Normal
02718_H_A_FY_C7.mp4,217,290,Warning
02718_H_A_FY_C7.mp4,291,600,Fall
02720_H_A_FY_C4.mp4,0,131,Normal
02720_H_A_FY_C4.mp4,132,283,Warning
02720_H_A_FY_C4.mp4,284,600,Fall
02723_H_A_FY_C3.mp4,0,189,Normal
02723_H_A_FY_C3.mp4,190,319,Warning
02723_H_A_FY_C3.mp4,320,600,Fall
02736_H_A_FY_C1.mp4,0,259,Normal
02736_H_A_FY_C1.mp4,260,318,Warning
02736_H_A_FY_C1.mp4,319,600,Fall
02759_H_A_FY_C5.mp4,0,90,Normal
02759_H_A_FY_C5.mp4,91,231,Warning
02759_H_A_FY_C5.mp4,232,600,Fall
02759_H_A_FY_C6.mp4,0,94,Normal
02759_H_A_FY_C6.mp4,95,236,Warning
02759_H_A_FY_C6.mp4,237,600,Fall
02761_H_A_FY_C1.mp4,0,219,Normal
02761_H_A_FY_C1.mp4,220,345,Warning
02761_H_A_FY_C1.mp4,346,600,Fall
02761_H_A_FY_C2.mp4,0,215,Normal
02761_H_A_FY_C2.mp4,216,332,Warning
02761_H_A_FY_C2.mp4,333,600,Fall
02761_H_A_FY_C4.mp4,0,214,Normal
02761_H_A_FY_C4.mp4,215,325,Warning
02761_H_A_FY_C4.mp4,326,600,Fall
02761_H_A_FY_C5.mp4,0,217,Normal
02761_H_A_FY_C5.mp4,218,349,Warning
02761_H_A_FY_C5.mp4,350,600,Fall
02761_H_A_FY_C8.mp4,0,207,Normal
02761_H_A_FY_C8.mp4,208,322,Warning
02761_H_A_FY_C8.mp4,323,600,Fall
02762_H_A_FY_C1.mp4,0,393,Normal
02762_H_A_FY_C1.mp4,394,476,Warning
02762_H_A_FY_C1.mp4,477,600,Fall
02762_H_A_FY_C3.mp4,0,388,Normal
02762_H_A_FY_C3.mp4,389,474,Warning
02762_H_A_FY_C3.mp4,475,600,Fall
02762_H_A_FY_C4.mp4,0,372,Normal
02762_H_A_FY_C4.mp4,373,475,Warning
02762_H_A_FY_C4.mp4,476,600,Fall
02762_H_A_FY_C5.mp4,0,444,Normal
02762_H_A_FY_C5.mp4,445,482,Warning
02762_H_A_FY_C5.mp4,483,600,Fall
02762_H_A_FY_C6.mp4,0,443,Normal
02762_H_A_FY_C6.mp4,444,480,Warning
02762_H_A_FY_C6.mp4,481,600,Fall
02762_H_A_FY_C7.mp4,0,430,Normal
02762_H_A_FY_C7.mp4,431,476,Warning
02762_H_A_FY_C7.mp4,477,600,Fall
02762_H_A_FY_C8.mp4,0,423,Normal
02762_H_A_FY_C8.mp4,424,474,Warning
02762_H_A_FY_C8.mp4,475,600,Fall
02763_H_A_FY_C2.mp4,0,310,Normal
02763_H_A_FY_C2.mp4,311,390,Warning
02763_H_A_FY_C2.mp4,391,600,Fall
02763_H_A_FY_C3.mp4,0,323,Normal
02763_H_A_FY_C3.mp4,324,396,Warning
02763_H_A_FY_C3.mp4,397,600,Fall
02763_H_A_FY_C4.mp4,0,315,Normal
02763_H_A_FY_C4.mp4,316,393,Warning
02763_H_A_FY_C4.mp4,394,600,Fall
02763_H_A_FY_C5.mp4,0,313,Normal
02763_H_A_FY_C5.mp4,314,391,Warning
02763_H_A_FY_C5.mp4,392,600,Fall
02763_H_A_FY_C6.mp4,0,312,Normal
02763_H_A_FY_C6.mp4,313,395,Warning
02763_H_A_FY_C6.mp4,396,600,Fall
02763_H_A_FY_C7.mp4,,,
02763_H_A_FY_C7.mp4,,,
02763_H_A_FY_C7.mp4,,,
02763_H_A_FY_C8.mp4,,,
02763_H_A_FY_C8.mp4,,,
02763_H_A_FY_C8.mp4,,,
02764_H_A_FY_C1.mp4,,,
02764_H_A_FY_C1.mp4,,,
02764_H_A_FY_C1.mp4,,,
02764_H_A_FY_C2.mp4,,,
02764_H_A_FY_C2.mp4,,,
02764_H_A_FY_C2.mp4,,,
02764_H_A_FY_C4.mp4,,,
02764_H_A_FY_C4.mp4,,,
02764_H_A_FY_C4.mp4,,,
02764_H_A_FY_C5.mp4,,,
02764_H_A_FY_C5.mp4,,,
02764_H_A_FY_C5.mp4,,,
02764_H_A_FY_C6.mp4,,,
02764_H_A_FY_C6.mp4,,,
02764_H_A_FY_C6.mp4,,,
02764_H_A_FY_C7.mp4,,,
02764_H_A_FY_C7.mp4,,,
02764_H_A_FY_C7.mp4,,,
02764_H_A_FY_C8.mp4,,,
02764_H_A_FY_C8.mp4,,,
02764_H_A_FY_C8.mp4,,,
02768_H_A_FY_C1.mp4,,,
02768_H_A_FY_C1.mp4,,,
02768_H_A_FY_C1.mp4,,,
02768_H_A_FY_C2.mp4,,,
02768_H_A_FY_C2.mp4,,,
02768_H_A_FY_C2.mp4,,,
02768_H_A_FY_C3.mp4,,,
02768_H_A_FY_C3.mp4,,,
02768_H_A_FY_C3.mp4,,,
02768_H_A_FY_C4.mp4,,,
02768_H_A_FY_C4.mp4,,,
02768_H_A_FY_C4.mp4,,,
02768_H_A_FY_C5.mp4,,,
02768_H_A_FY_C5.mp4,,,
02768_H_A_FY_C5.mp4,,,
02768_H_A_FY_C6.mp4,,,
02768_H_A_FY_C6.mp4,,,
02768_H_A_FY_C6.mp4,,,
02768_H_A_FY_C7.mp4,,,
02768_H_A_FY_C7.mp4,,,
02768_H_A_FY_C7.mp4,,,
02768_H_A_FY_C8.mp4,,,
02768_H_A_FY_C8.mp4,,,
02768_H_A_FY_C8.mp4,,,
02769_H_A_FY_C1.mp4,,,
02769_H_A_FY_C1.mp4,,,
02769_H_A_FY_C1.mp4,,,
02769_H_A_FY_C2.mp4,,,
02769_H_A_FY_C2.mp4,,,
02769_H_A_FY_C2.mp4,,,
02769_H_A_FY_C3.mp4,,,
02769_H_A_FY_C3.mp4,,,
02769_H_A_FY_C3.mp4,,,
02769_H_A_FY_C4.mp4,,,
02769_H_A_FY_C4.mp4,,,
02769_H_A_FY_C4.mp4,,,
02769_H_A_FY_C5.mp4,,,
02769_H_A_FY_C5.mp4,,,
02769_H_A_FY_C5.mp4,,,
02769_H_A_FY_C6.mp4,,,
02769_H_A_FY_C6.mp4,,,
02769_H_A_FY_C6.mp4,,,
02769_H_A_FY_C7.mp4,,,
02769_H_A_FY_C7.mp4,,,
02769_H_A_FY_C7.mp4,,,
02769_H_A_FY_C8.mp4,,,
02769_H_A_FY_C8.mp4,,,
02769_H_A_FY_C8.mp4,,,
02770_H_A_FY_C1.mp4,,,
02770_H_A_FY_C1.mp4,,,
02770_H_A_FY_C1.mp4,,,
02770_H_A_FY_C2.mp4,,,
02770_H_A_FY_C2.mp4,,,
02770_H_A_FY_C2.mp4,,,
02770_H_A_FY_C3.mp4,,,
02770_H_A_FY_C3.mp4,,,
02770_H_A_FY_C3.mp4,,,
02770_H_A_FY_C4.mp4,,,
02770_H_A_FY_C4.mp4,,,
02770_H_A_FY_C4.mp4,,,
02770_H_A_FY_C5.mp4,,,
02770_H_A_FY_C5.mp4,,,
02770_H_A_FY_C5.mp4,,,
02770_H_A_FY_C6.mp4,,,
02770_H_A_FY_C6.mp4,,,
02770_H_A_FY_C6.mp4,,,
02770_H_A_FY_C7.mp4,,,
02770_H_A_FY_C7.mp4,,,
02770_H_A_FY_C7.mp4,,,
02770_H_A_FY_C8.mp4,,,
02770_H_A_FY_C8.mp4,,,
02770_H_A_FY_C8.mp4,,,
02771_H_A_FY_C1.mp4,,,
02771_H_A_FY_C1.mp4,,,
02771_H_A_FY_C1.mp4,,,
02771_H_A_FY_C2.mp4,,,
02771_H_A_FY_C2.mp4,,,
02771_H_A_FY_C2.mp4,,,
02771_H_A_FY_C3.mp4,,,
02771_H_A_FY_C3.mp4,,,
02771_H_A_FY_C3.mp4,,,
02771_H_A_FY_C4.mp4,,,
02771_H_A_FY_C4.mp4,,,
02771_H_A_FY_C4.mp4,,,
02771_H_A_FY_C5.mp4,,,
02771_H_A_FY_C5.mp4,,,
02771_H_A_FY_C5.mp4,,,
02771_H_A_FY_C6.mp4,,,
02771_H_A_FY_C6.mp4,,,
02771_H_A_FY_C6.mp4,,,
02771_H_A_FY_C7.mp4,,,
02771_H_A_FY_C7.mp4,,,
02771_H_A_FY_C7.mp4,,,
02771_H_A_FY_C8.mp4,,,
02771_H_A_FY_C8.mp4,,,
02771_H_A_FY_C8.mp4,,,
02772_H_A_FY_C1.mp4,,,
02772_H_A_FY_C1.mp4,,,
02772_H_A_FY_C1.mp4,,,
02772_H_A_FY_C2.mp4,,,
02772_H_A_FY_C2.mp4,,,
02772_H_A_FY_C2.mp4,,,
02772_H_A_FY_C3.mp4,,,
02772_H_A_FY_C3.mp4,,,
02772_H_A_FY_C3.mp4,,,
02772_H_A_FY_C5.mp4,,,
02772_H_A_FY_C5.mp4,,,
02772_H_A_FY_C5.mp4,,,
02772_H_A_FY_C6.mp4,,,
02772_H_A_FY_C6.mp4,,,
02772_H_A_FY_C6.mp4,,,
02772_H_A_FY_C7.mp4,,,
02772_H_A_FY_C7.mp4,,,
02772_H_A_FY_C7.mp4,,,
02772_H_A_FY_C8.mp4,,,
02772_H_A_FY_C8.mp4,,,
02772_H_A_FY_C8.mp4,,,
02774_H_A_FY_C1.mp4,,,
02774_H_A_FY_C1.mp4,,,
02774_H_A_FY_C1.mp4,,,
02774_H_A_FY_C2.mp4,,,
02774_H_A_FY_C2.mp4,,,
02774_H_A_FY_C2.mp4,,,
02774_H_A_FY_C3.mp4,,,
02774_H_A_FY_C3.mp4,,,
02774_H_A_FY_C3.mp4,,,
02774_H_A_FY_C4.mp4,,,
02774_H_A_FY_C4.mp4,,,
02774_H_A_FY_C4.mp4,,,
02774_H_A_FY_C5.mp4,,,
02774_H_A_FY_C5.mp4,,,
02774_H_A_FY_C5.mp4,,,
02774_H_A_FY_C6.mp4,,,
02774_H_A_FY_C6.mp4,,,
02774_H_A_FY_C6.mp4,,,
02774_H_A_FY_C7.mp4,,,
02774_H_A_FY_C7.mp4,,,
02774_H_A_FY_C7.mp4,,,
02774_H_A_FY_C8.mp4,,,
02774_H_A_FY_C8.mp4,,,
02774_H_A_FY_C8.mp4,,,
02775_H_A_FY_C1.mp4,,,
02775_H_A_FY_C1.mp4,,,
02775_H_A_FY_C1.mp4,,,
02775_H_A_FY_C2.mp4,,,
02775_H_A_FY_C2.mp4,,,
02775_H_A_FY_C2.mp4,,,
02775_H_A_FY_C3.mp4,,,
02775_H_A_FY_C3.mp4,,,
02775_H_A_FY_C3.mp4,,,
02775_H_A_FY_C4.mp4,,,
02775_H_A_FY_C4.mp4,,,
02775_H_A_FY_C4.mp4,,,
02775_H_A_FY_C5.mp4,,,
02775_H_A_FY_C5.mp4,,,
02775_H_A_FY_C5.mp4,,,
02775_H_A_FY_C6.mp4,,,
02775_H_A_FY_C6.mp4,,,
02775_H_A_FY_C6.mp4,,,
02775_H_A_FY_C7.mp4,,,
02775_H_A_FY_C7.mp4,,,
02775_H_A_FY_C7.mp4,,,
02775_H_A_FY_C8.mp4,,,
02775_H_A_FY_C8.mp4,,,
02775_H_A_FY_C8.mp4,,,
02776_H_A_FY_C1.mp4,,,
02776_H_A_FY_C1.mp4,,,
02776_H_A_FY_C1.mp4,,,
02776_H_A_FY_C2.mp4,,,
02776_H_A_FY_C2.mp4,,,
02776_H_A_FY_C2.mp4,,,
02776_H_A_FY_C3.mp4,,,
02776_H_A_FY_C3.mp4,,,
02776_H_A_FY_C3.mp4,,,
02776_H_A_FY_C4.mp4,,,
02776_H_A_FY_C4.mp4,,,
02776_H_A_FY_C4.mp4,,,
02776_H_A_FY_C5.mp4,,,
02776_H_A_FY_C5.mp4,,,
02776_H_A_FY_C5.mp4,,,
02776_H_A_FY_C6.mp4,,,
02776_H_A_FY_C6.mp4,,,
02776_H_A_FY_C6.mp4,,,
02776_H_A_FY_C7.mp4,,,
02776_H_A_FY_C7.mp4,,,
02776_H_A_FY_C7.mp4,,,
02776_H_A_FY_C8.mp4,,,
02776_H_A_FY_C8.mp4,,,
02776_H_A_FY_C8.mp4,,,
02777_H_A_FY_C1.mp4,,,
02777_H_A_FY_C1.mp4,,,
02777_H_A_FY_C1.mp4,,,
02777_H_A_FY_C2.mp4,,,
02777_H_A_FY_C2.mp4,,,
02777_H_A_FY_C2.mp4,,,
02777_H_A_FY_C3.mp4,,,
02777_H_A_FY_C3.mp4,,,
02777_H_A_FY_C3.mp4,,,
02777_H_A_FY_C4.mp4,,,
02777_H_A_FY_C4.mp4,,,
02777_H_A_FY_C4.mp4,,,
02777_H_A_FY_C5.mp4,,,
02777_H_A_FY_C5.mp4,,,
02777_H_A_FY_C5.mp4,,,
02777_H_A_FY_C6.mp4,,,
02777_H_A_FY_C6.mp4,,,
02777_H_A_FY_C6.mp4,,,
02777_H_A_FY_C7.mp4,,,
02777_H_A_FY_C7.mp4,,,
02777_H_A_FY_C7.mp4,,,
02777_H_A_FY_C8.mp4,,,
02777_H_A_FY_C8.mp4,,,
02777_H_A_FY_C8.mp4,,,
02778_H_A_FY_C1.mp4,,,
02778_H_A_FY_C1.mp4,,,
02778_H_A_FY_C1.mp4,,,
02778_H_A_FY_C2.mp4,,,
02778_H_A_FY_C2.mp4,,,
02778_H_A_FY_C2.mp4,,,
02778_H_A_FY_C3.mp4,,,
02778_H_A_FY_C3.mp4,,,
02778_H_A_FY_C3.mp4,,,
02778_H_A_FY_C4.mp4,,,
02778_H_A_FY_C4.mp4,,,
02778_H_A_FY_C4.mp4,,,
02778_H_A_FY_C5.mp4,,,
02778_H_A_FY_C5.mp4,,,
02778_H_A_FY_C5.mp4,,,
02778_H_A_FY_C6.mp4,,,
02778_H_A_FY_C6.mp4,,,
02778_H_A_FY_C6.mp4,,,
02778_H_A_FY_C7.mp4,,,
02778_H_A_FY_C7.mp4,,,
02778_H_A_FY_C7.mp4,,,
02778_H_A_FY_C8.mp4,,,
02778_H_A_FY_C8.mp4,,,
02778_H_A_FY_C8.mp4,,,
02779_H_A_FY_C1.mp4,,,
02779_H_A_FY_C1.mp4,,,
02779_H_A_FY_C1.mp4,,,
02779_H_A_FY_C2.mp4,,,
02779_H_A_FY_C2.mp4,,,
02779_H_A_FY_C2.mp4,,,
02779_H_A_FY_C3.mp4,,,
02779_H_A_FY_C3.mp4,,,
02779_H_A_FY_C3.mp4,,,
02779_H_A_FY_C4.mp4,,,
02779_H_A_FY_C4.mp4,,,
02779_H_A_FY_C4.mp4,,,
02779_H_A_FY_C6.mp4,,,
02779_H_A_FY_C6.mp4,,,
02779_H_A_FY_C6.mp4,,,
02779_H_A_FY_C7.mp4,,,
02779_H_A_FY_C7.mp4,,,
02779_H_A_FY_C7.mp4,,,
02779_H_A_FY_C8.mp4,,,
02779_H_A_FY_C8.mp4,,,
02779_H_A_FY_C8.mp4,,,
02781_H_A_FY_C1.mp4,,,
02781_H_A_FY_C1.mp4,,,
02781_H_A_FY_C1.mp4,,,
02781_H_A_FY_C2.mp4,,,
02781_H_A_FY_C2.mp4,,,
02781_H_A_FY_C2.mp4,,,
02781_H_A_FY_C3.mp4,,,
02781_H_A_FY_C3.mp4,,,
02781_H_A_FY_C3.mp4,,,
02781_H_A_FY_C4.mp4,,,
02781_H_A_FY_C4.mp4,,,
02781_H_A_FY_C4.mp4,,,
02781_H_A_FY_C5.mp4,,,
02781_H_A_FY_C5.mp4,,,
02781_H_A_FY_C5.mp4,,,
02781_H_A_FY_C6.mp4,,,
02781_H_A_FY_C6.mp4,,,
02781_H_A_FY_C6.mp4,,,
02781_H_A_FY_C7.mp4,,,
02781_H_A_FY_C7.mp4,,,
02781_H_A_FY_C7.mp4,,,
02781_H_A_FY_C8.mp4,,,
02781_H_A_FY_C8.mp4,,,
02781_H_A_FY_C8.mp4,,,
02782_H_A_FY_C1.mp4,,,
02782_H_A_FY_C1.mp4,,,
02782_H_A_FY_C1.mp4,,,
02782_H_A_FY_C2.mp4,,,
02782_H_A_FY_C2.mp4,,,
02782_H_A_FY_C2.mp4,,,
02782_H_A_FY_C3.mp4,,,
02782_H_A_FY_C3.mp4,,,
02782_H_A_FY_C3.mp4,,,
02782_H_A_FY_C4.mp4,,,
02782_H_A_FY_C4.mp4,,,
02782_H_A_FY_C4.mp4,,,
02782_H_A_FY_C5.mp4,,,
02782_H_A_FY_C5.mp4,,,
02782_H_A_FY_C5.mp4,,,
02782_H_A_FY_C6.mp4,,,
02782_H_A_FY_C6.mp4,,,
02782_H_A_FY_C6.mp4,,,
02782_H_A_FY_C7.mp4,,,
02782_H_A_FY_C7.mp4,,,
02782_H_A_FY_C7.mp4,,,
02782_H_A_FY_C8.mp4,,,
02782_H_A_FY_C8.mp4,,,
02782_H_A_FY_C8.mp4,,,
02784_H_A_FY_C1.mp4,,,
02784_H_A_FY_C1.mp4,,,
02784_H_A_FY_C1.mp4,,,
02784_H_A_FY_C2.mp4,,,
02784_H_A_FY_C2.mp4,,,
02784_H_A_FY_C2.mp4,,,
02784_H_A_FY_C3.mp4,,,
02784_H_A_FY_C3.mp4,,,
02784_H_A_FY_C3.mp4,,,
02784_H_A_FY_C4.mp4,,,
02784_H_A_FY_C4.mp4,,,
02784_H_A_FY_C4.mp4,,,
02784_H_A_FY_C5.mp4,,,
02784_H_A_FY_C5.mp4,,,
02784_H_A_FY_C5.mp4,,,
02784_H_A_FY_C6.mp4,,,
02784_H_A_FY_C6.mp4,,,
02784_H_A_FY_C6.mp4,,,
02784_H_A_FY_C7.mp4,,,
02784_H_A_FY_C7.mp4,,,
02784_H_A_FY_C7.mp4,,,
02784_H_A_FY_C8.mp4,,,
02784_H_A_FY_C8.mp4,,,
02784_H_A_FY_C8.mp4,,,
02786_H_A_FY_C1.mp4,,,
02786_H_A_FY_C1.mp4,,,
02786_H_A_FY_C1.mp4,,,
02786_H_A_FY_C2.mp4,,,
02786_H_A_FY_C2.mp4,,,
02786_H_A_FY_C2.mp4,,,
02786_H_A_FY_C3.mp4,,,
02786_H_A_FY_C3.mp4,,,
02786_H_A_FY_C3.mp4,,,
02786_H_A_FY_C4.mp4,,,
02786_H_A_FY_C4.mp4,,,
02786_H_A_FY_C4.mp4,,,
02786_H_A_FY_C5.mp4,,,
02786_H_A_FY_C5.mp4,,,
02786_H_A_FY_C5.mp4,,,
02786_H_A_FY_C6.mp4,,,
02786_H_A_FY_C6.mp4,,,
02786_H_A_FY_C6.mp4,,,
02786_H_A_FY_C7.mp4,,,
02786_H_A_FY_C7.mp4,,,
02786_H_A_FY_C7.mp4,,,
02786_H_A_FY_C8.mp4,,,
02786_H_A_FY_C8.mp4,,,
02786_H_A_FY_C8.mp4,,,